<?xml version="1.0" encoding="UTF-8"?>
<interface>
    <object class="GtkMenu" id="menu">
        <child>
            <object class="GtkMenuItem" id="show">
                <property name="label">󰋚  Show History</property>
            </object>
        </child>
        <child>
            <object class="GtkMenuItem" id="toggle-dnd">
                <property name="label">  Toggle DND</property>
            </object>
        </child>


        <child>
            <object class="GtkSeparatorMenuItem" id="delimiter1" />
        </child>


        <child>
            <object class="GtkMenuItem" id="clear">
                <property name="label">󰎟  Clear History</property>
            </object>
        </child>
        <child>
            <object class="GtkMenuItem" id="close">
                <property name="label">󰱞  Close</property>
            </object>
        </child>
        <child>
        </child>
    </object>
</interface>