<?xml version="1.0" encoding="UTF-8"?>

<interface>
    <object class="GtkMenu" id="menu">

        <child>
            <object class="GtkMenuItem" id="animation_menu">
                <property name="label">󰗘  Animations</property>
                <child type="submenu">
                    <object class="GtkMenu">

                        <child>
                            <object class="GtkMenuItem" id="animations-select">
                                <property name="label">  Select Animation</property>
                            </object>
                        </child>


                    </object>
                </child>
            </object>
        </child>


        <child>
            <object class="GtkMenuItem" id="wallpaper_menu">
                <property name="label">󰸉  Wallpaper</property>
                <child type="submenu">
                    <object class="GtkMenu">

                        <child>
                            <object class="GtkMenuItem" id="wallpaper-select">
                                <property name="label">  Select Wallpaper</property>
                            </object>
                        </child>
                        <child>
                            <object class="GtkMenuItem" id="wallpaper-next">
                                <property name="label">  Next Wallpaper</property>
                            </object>
                        </child>
                        <child>
                            <object class="GtkMenuItem" id="wallpaper-previous">
                                <property name="label">  Previous Wallpaper</property>
                            </object>
                        </child>
                        <child>
                            <object class="GtkMenuItem" id="wallpaper-random">
                                <property name="label">  Random Wallpaper</property>
                            </object>
                        </child>


                    </object>
                </child>
            </object>
        </child>


        <child>
            <object class="GtkMenuItem" id="theme_menu">
                <property name="label">  Theme</property>
                <child
                    type="submenu">
                    <object class="GtkMenu">

                        <child>
                            <object class="GtkMenuItem" id="theme-select">
                                <property name="label">  Select Theme</property>
                            </object>
                        </child>

                        <child>
                            <object class="GtkMenuItem" id="theme-next">
                                <property name="label">  Next Theme</property>
                            </object>
                        </child>

                        <child>
                            <object class="GtkMenuItem" id="theme-previous">
                                <property name="label">  Previous Theme</property>
                            </object>
                        </child>

                        <child>
                            <object class="GtkMenuItem" id="theme-import">
                                <property name="label">  More Themes</property>
                            </object>
                        </child>


                    </object>
                </child>
            </object>
        </child>


        <child>
            <object class="GtkMenuItem" id="waybar-menu">
                <property name="label">  Waybar</property>
                <child type="submenu">
                    <object class="GtkMenu">


                        <child>
                            <object class="GtkMenuItem" id="waybar-layout-select">
                                <property name="label">  Select Layout</property>
                            </object>
                        </child>


                        <child>
                            <object class="GtkMenuItem" id="waybar-style-select">
                                <property name="label">  Select Style</property>
                            </object>
                        </child>



                        <child>
                            <object class="GtkMenuItem" id="waybar-layout-next">
                                <property name="label">  Next Layout</property>
                            </object>
                        </child>

                        <child>
                            <object class="GtkMenuItem" id="waybar-layout-prev">
                                <property name="label">  Previous Layout</property>
                            </object>
                        </child>


                        <child>
                            <object class="GtkMenuItem" id="waybar-reload-css">
                                <property name="label">󰑓  Reload CSS</property>
                            </object>
                        </child>


                        <child>
                            <object class="GtkSeparatorMenuItem" id="delimiter-2" />
                        </child>


                        <child>
                            <object class="GtkMenuItem" id="waybar-restart">
                                <property name="label">󰜉  Restart</property>
                            </object>
                        </child>


                    </object>
                </child>
            </object>
        </child>


        <child>
            <object class="GtkMenuItem" id="workflows_menu">
                <property name="label">  Workflows</property>
                <child type="submenu">
                    <object class="GtkMenu">

                        <child>
                            <object class="GtkMenuItem" id="workflows-select">
                                <property name="label">  Select Workflow</property>
                            </object>
                        </child>


                    </object>
                </child>
            </object>
        </child>


        <child>
            <object class="GtkMenuItem" id="lockscreen_menu">
                <property name="label">  Lockscreen</property>
                <child type="submenu">
                    <object class="GtkMenu">

                        <child>
                            <object class="GtkMenuItem" id="lockscreen-select">
                                <property name="label">  Select Lockscreen</property>
                            </object>
                        </child>


                    </object>
                </child>
            </object>
        </child>




        <child>
            <object class="GtkMenuItem" id="shaders_menu">
                <property name="label">  Shaders</property>
                <child type="submenu">
                    <object class="GtkMenu">

                        <child>
                            <object class="GtkMenuItem" id="shaders-select">
                                <property name="label">  Select Shader</property>
                            </object>
                        </child>


                    </object>
                </child>
            </object>
        </child>





        <child>
            <object class="GtkSeparatorMenuItem" id="delimiter-1" />
        </child>

        
        <child>
            <object class="GtkMenuItem" id="keybinds-hint">
                <property name="label">  Keybinds</property>
            </object>
        </child>

        <child>
            <object class="GtkMenuItem" id="about-hyde">
                <property name="label">  About</property>
            </object>
        </child>

    </object>
</interface>