<?xml version="1.0" encoding="UTF-8"?>

<interface>

    <object class="GtkMenu" id="menu">

        <child>
            <object class="GtkMenuItem" id="lock">
                <property name="label">󰍁  Lock</property>
            </object>
        </child>

        <child>
            <object class="GtkMenuItem" id="logout">
                <property name="label">󰍃  Logout</property>
            </object>
        </child>

        <child>
            <object class="GtkMenuItem" id="suspend">
                <property name="label">󰏦  Suspend</property>
            </object>
        </child>


        <child>
            <object class="GtkMenuItem" id="hibernate">
                <property name="label">󰒲  Hibernate</property>
            </object>
        </child>


        <child>
            <object class="GtkSeparatorMenuItem" id="delimiter1" />
        </child>


        <child>
            <object class="GtkMenuItem" id="shutdown_sub">
                <property name="label">󰚦  Shutdown</property>


                <child type="submenu">
                    <object class="GtkMenu">
                        <child>
                            <object class="GtkMenuItem" id="shutdown-now">
                                <property name="label">󰚦  Shutdown Now</property>
                            </object>
                        </child>
                        <child>
                            <object class="GtkMenuItem" id="shutdown-wait">
                                <property name="label">󰚦  Shutdown (wait)</property>
                            </object>
                        </child>
                    </object>
                </child>


            </object>
        </child>


        <child>
            <object class="GtkMenuItem" id="reboot_sub">
                <property name="label">󰜉  Reboot</property>

                <child type="submenu">
                    <object class="GtkMenu">
                        <child>
                            <object class="GtkMenuItem" id="reboot-now">
                                <property name="label">󰜉  Reboot</property>
                            </object>
                        </child>
                        <child>
                            <object class="GtkMenuItem" id="reboot-firmware">
                                <property name="label">󰮫  Reboot to UEFI</property>
                            </object>
                        </child>
                    </object>
                </child>
            </object>
        </child>


    </object>


</interface> 