{
    "include": [
        "/home/tristan/.local/share/waybar/modules/wlr-taskbar#windows.json",
        "/home/tristan/.local/share/waybar/modules/tray.json",
        "/home/tristan/.local/share/waybar/modules/privacy.json",
        "/home/tristan/.local/share/waybar/modules/wlr-taskbar.json",
        "/home/tristan/.local/share/waybar/modules/image#wallpaper.json",
        "/home/tristan/.local/share/waybar/modules/wlr-taskbar#windows.jsonc",
        "/home/tristan/.local/share/waybar/modules/gamemode.jsonc",
        "/home/tristan/.local/share/waybar/modules/cpu.jsonc",
        "/home/tristan/.local/share/waybar/modules/backlight.jsonc",
        "/home/tristan/.local/share/waybar/modules/custom-updates.jsonc",
        "/home/tristan/.local/share/waybar/modules/hyprland-window.jsonc",
        "/home/tristan/.local/share/waybar/modules/custom-powermenu.jsonc",
        "/home/tristan/.local/share/waybar/modules/hyprland-workspaces.jsonc",
        "/home/tristan/.local/share/waybar/modules/custom-wbar.jsonc",
        "/home/tristan/.local/share/waybar/modules/mpd.jsonc",
        "/home/tristan/.local/share/waybar/modules/image#wallpaper.jsonc",
        "/home/tristan/.local/share/waybar/modules/group-hide-tray.jsonc",
        "/home/tristan/.local/share/waybar/modules/wlr-taskbar.jsonc",
        "/home/tristan/.local/share/waybar/modules/bluetooth.jsonc",
        "/home/tristan/.local/share/waybar/modules/temperature.jsonc",
        "/home/tristan/.local/share/waybar/modules/custom-gpuinfo#nvidia.jsonc",
        "/home/tristan/.local/share/waybar/modules/custom-mediaplayer.jsonc",
        "/home/tristan/.local/share/waybar/modules/hyprland-workspaces#roman.jsonc",
        "/home/tristan/.local/share/waybar/modules/image#profile.jsonc",
        "/home/tristan/.local/share/waybar/modules/custom-keybindhint.jsonc",
        "/home/tristan/.local/share/waybar/modules/custom-github_hyde.jsonc",
        "/home/tristan/.local/share/waybar/modules/group-volumecontrol.jsonc",
        "/home/tristan/.local/share/waybar/modules/custom-hyprsunset.jsonc",
        "/home/tristan/.local/share/waybar/modules/custom-weather.jsonc",
        "/home/tristan/.local/share/waybar/modules/hyprland-workspaces#kanji.jsonc",
        "/home/tristan/.local/share/waybar/modules/hyprland-language.jsonc",
        "/home/tristan/.local/share/waybar/modules/group-eyecare.jsonc",
        "/home/tristan/.local/share/waybar/modules/custom-hyde-menu.jsonc",
        "/home/tristan/.local/share/waybar/modules/custom-wallchange.jsonc",
        "/home/tristan/.local/share/waybar/modules/pulseaudio#microphone.jsonc",
        "/home/tristan/.local/share/waybar/modules/custom-gpuinfo.jsonc",
        "/home/tristan/.local/share/waybar/modules/custom-display.jsonc",
        "/home/tristan/.local/share/waybar/modules/custom-gamemode.jsonc",
        "/home/tristan/.local/share/waybar/modules/custom-theme.jsonc",
        "/home/tristan/.local/share/waybar/modules/privacy.jsonc",
        "/home/tristan/.local/share/waybar/modules/mpris.jsonc",
        "/home/tristan/.local/share/waybar/modules/memory.jsonc",
        "/home/tristan/.local/share/waybar/modules/network.jsonc",
        "/home/tristan/.local/share/waybar/modules/custom-gpuinfo#amd.jsonc",
        "/home/tristan/.local/share/waybar/modules/custom-spotify.jsonc",
        "/home/tristan/.local/share/waybar/modules/pulseaudio.jsonc",
        "/home/tristan/.local/share/waybar/modules/group-mediaplayer.jsonc",
        "/home/tristan/.local/share/waybar/modules/custom-power.jsonc",
        "/home/tristan/.local/share/waybar/modules/custom-cpuinfo.jsonc",
        "/home/tristan/.local/share/waybar/modules/custom-cava.jsonc",
        "/home/tristan/.local/share/waybar/modules/custom-gpuinfo#intel.jsonc",
        "/home/tristan/.local/share/waybar/modules/power-profiles-daemon.jsonc",
        "/home/tristan/.local/share/waybar/modules/custom-swaync.jsonc",
        "/home/tristan/.local/share/waybar/modules/custom-cliphist.jsonc",
        "/home/tristan/.local/share/waybar/modules/network#bandwidth.jsonc",
        "/home/tristan/.local/share/waybar/modules/custom-workflows.jsonc",
        "/home/tristan/.local/share/waybar/modules/clock.jsonc",
        "/home/tristan/.local/share/waybar/modules/custom-clipboard.jsonc",
        "/home/tristan/.local/share/waybar/modules/cava.jsonc",
        "/home/tristan/.local/share/waybar/modules/tray.jsonc",
        "/home/tristan/.local/share/waybar/modules/custom-dunst.jsonc",
        "/home/tristan/.local/share/waybar/modules/battery.jsonc",
        "/home/tristan/.local/share/waybar/modules/custom-sensorsinfo.jsonc",
        "/home/tristan/.local/share/waybar/modules/idle_inhibitor.jsonc"
    ],
    "wlr/taskbar#windows": {
        "icon-size": 16,
        "icon-size-multiplier": 1.6
    },
    "tray": {
        "icon-size": 16,
        "icon-size-multiplier": 1.6
    },
    "privacy": {
        "icon-size": 10,
        "icon-size-multiplier": 1
    },
    "wlr/taskbar": {
        "icon-size": 16,
        "icon-size-multiplier": 1.6
    },
    "image#wallpaper": {
        "size": 30,
        "icon-size-multiplier": 3
    },
    "position": "top"
}